--darky
insert into goods (code, name, description, hot, images, stock, price) values ('1', 'Kaleidoskop', 'Dětský barevný kaleidoskop z tvrdého papíru.<br><br>
Zlepšuje koordinaci oko - ruka.<br><br>
Velikost 19 x 4 cm.<br><br>
Vhodné od 2 let.', false, 5, 2, 120);
insert into goods (code, name, description, hot, images, stock, price) values ('2', 'Magické omalovánky', 'Magické omalovánky fungují na vodní bázi. Po vybarvení jsou obrázky velmi živé a barevné. Po zaschnutí barva zmizí a stránky se dají opakovaně vybarvit znovu.
<br><br>
Pomáhá dětem rozpoznávat barvy a zvířata, rozvíjet schopnosti pozorování dítěte a získávat další znalosti.
<br><br>
Velikost: 19 cm x 20 cm.
<br><br>
Vhodné od 2 let.', false, 6, 1, 175);
insert into goods (code, name, description, hot, images, stock, price) values ('3', 'Sada hudebních nástrojů (5ks)', 'Sada 5 kusů plastových hudebních nástrojů pro děti obsahuje:
<br><br>
Bubínek: 8cm x 12cm<br>
Trumpeta: 11cm<br>
2x Cabasa: 11.5cm<br>
Tamburína: 7cm x 7cm
<br><br>
Podporuje rozvoj sluchu hravým způsobem, cit pro rytmus a motoriku.
<br><br>
Vhodné od 3 let.', false, 6, 1, 175);
insert into goods (code, name, description, hot, images, stock, price) values ('4', 'Foukací harmonika', 'Dřevěná foukací harmonika pro děti obsahuje 16 foukacích otvorů po dvou řadách v kombinace dřevěného těla harmoniky, krásných barevných vzorů  a plastového středu.
Harmonika má hladký plastový okraj, dostatečně bezpečný pro děti.
<br><br>
Podporuje rozvoj sluchu a motoriku.
<br><br>
Velikost: 13 x 2,5 x 2cm.
<br><br>
Vhodné od 3 let.', false, 6, 6, 65);
insert into goods (code, name, description, hot, images, stock, price) values ('5', 'Plyšová hračka Prasátko Peppa (30 cm)', 'Plyšová hračka.
<br><br>
Velikost: 30 cm.', true, 6, 2, 255);
insert into goods (code, name, description, hot, images, stock, price) values ('6', 'Prasátko Peppa - rodinné balení', 'Sada plyšových hraček prasátko Peppa s rodinou.
<br><br>
Velikost: 19 - 30 cm.', true, 6, 1, 599);
insert into goods (code, name, description, hot, images, stock, price) values ('7', 'Dřevěné puzzle se zvířátky (20 dílků)', 'Dřevěná skládačka se zvířecím vzorem.
<br><br>
Pomáhá dětem rozpoznávat barvy a zvířata, zlepšuje koordinaci oko - ruka.
<br><br>
Velikost 14,8  x 14,8 cm.
<br><br>
Vhodné od 2 let.', false, 6, 6, 125);
insert into goods (code, name, description, hot, images, stock, price) values ('8', 'Dětský xylofon', 'Plastový xylofon s paličkou a destičkami z hliníku.
<br><br>
Podporuje rozvoj sluchu a motoriku.
<br><br>
Velikost: 16 cm x 12 cm.
<br><br>
Vhodné od 2 let.', false, 6, 2, 170);
insert into goods (code, name, description, hot, images, stock, price) values ('9', 'Plyšová hračka Králík Bing (30 cm)', 'Plyšová hračka.
<br><br>
Velikost: 30 cm.', false, 2, 2, 120);
insert into goods (code, name, description, hot, images, stock, price) values ('10', 'Dinosauří vejce k vylíhnutí (5*5*7 cm)', 'Dinosauří vejce vložíte do sklenice s vodou a můžete sledovat vylíhnutí plastového dinosaura.
<br><br>
Vhodné od 3 let.', false, 6, 3, 89);
insert into goods (code, name, description, hot, images, stock, price) values ('11', 'Dětské ukulele', 'Plastový strunný hudební nástroj pro děti s malovaným motivem zvířátka.
<br><br>
Podporuje rozvoj sluchu hravým způsobem, cit pro rytmus a motoriku.
<br><br>
Velikost: 36cm.
<br><br>
Vhodné od 3 let.
', false, 6, 2, 179);
insert into goods (code, name, description, hot, images, stock, price) values ('12', 'Dětská medvědí skládačka', 'Dřevěná skládačka s medvědí rodinkou. Na skládačce může dítě měnit oblečení a obličeje medvědů.
<br><br>
Pomáhá dětem rozpoznávat barvy a zvířata, zlepšuje koordinaci oko - ruka. Podporuje důraz na detail.
<br><br>
Vhodné od 3 let.', true, 5, 2, 255);
insert into goods (code, name, description, hot, images, stock, price) values ('13', 'Dřevěné chrastítko (2 ks)', 'Dřevěná barevná rumbakoule.
<br><br>
Podporuje rozvoj sluchu a motoriku.
<br><br>
Velikost: 11 x 3,5 cm.
<br><br>
Vhodné od 1 roku.', false, 5, 2, 79);
insert into goods (code, name, description, hot, images, stock, price) values ('14', 'Vrhací parašutista', 'Plastová figurka s padákem z nylonu napodobuje princip přistání skutečného padáku.
<br><br>
Rozvíjí inteligenci a manipulační schopnosti.
<br><br>
Velikost:<br>
Průměr padáku: 45 cm<br>
Figurka: 10 cm
<br><br>
Vhodné od 3 let.', false, 5, 2, 99);
insert into goods (code, name, description, hot, images, stock, price) values ('15', 'Dětské vrhací kruhy', 'Tradiční hra házení kruhů na cíl pomáhá dětem rozvíjet a zlepšovat koordinační schopnosti.
<br><br>
Balení obsahuje: 2 plastová příčná ramena, 5 plastových hrotů a 5 plastových kruhů.
<br>
Velikost: <br>
Ramena: 40 x 5 cm<br>
Hroty: 17 cm<br>
Kruhy: 13 cm
<br><br>
Vhodné od 3 let.', false, 6, 2, 179);

--oslavy
insert into goods (code, name, description, hot, images, stock, price) values ('16', 'Barevné frkačky (5 ks)', 'Sada barevných frkaček po 5 kusech.
<br><br>
Vhodné od 3 let.', false, 6, 3, 28);
insert into goods (code, name, description, hot, images, stock, price) values ('17', 'Párty balónek Mickey Mouse Maxi', 'Obří párty balónek Mickey Mouse.
<br><br>
Velikost: 110 cm', false, 6, 1, 195);
insert into goods (code, name, description, hot, images, stock, price) values ('18', 'Párty balónek Minnie Mouse Maxi', 'Obří dekorační balónek ve tvaru Minnie Mouse.
<br><br>
Velikost: 110 cm', false, 6, 1, 195);
insert into goods (code, name, description, hot, images, stock, price) values ('19', 'Párty balónek Jednorožec - velký', 'Dekorační balónek ve tvaru jednorožce.
<br><br>
Velikost: 60 x 60 cm', false, 6, 1, 150);
insert into goods (code, name, description, hot, images, stock, price) values ('20', 'Chodící balónek Tučňák', 'Chodící balónek ve tvaru tučňáka.
<br><br>
Velikost: 50 x 41 cm.', false, 6, 1, 150);
insert into goods (code, name, description, hot, images, stock, price) values ('20', 'Chodící balónek Žirafa', 'Chodící balónek ve tvaru žirafy.
<br><br>
Velikost: 50 x 41 cm.', false, 6, 1, 150);

insert into category(id) values ('parties');
insert into category(id) values ('gifts');


insert into goods_category(category, goods) values ('gifts', 1);
insert into goods_category(category, goods) values ('gifts', 2);
insert into goods_category(category, goods) values ('gifts', 3);
insert into goods_category(category, goods) values ('gifts', 4);
insert into goods_category(category, goods) values ('gifts', 5);
insert into goods_category(category, goods) values ('gifts', 6);
insert into goods_category(category, goods) values ('gifts', 7);
insert into goods_category(category, goods) values ('gifts', 8);
insert into goods_category(category, goods) values ('gifts', 9);
insert into goods_category(category, goods) values ('gifts', 10);
insert into goods_category(category, goods) values ('gifts', 11);
insert into goods_category(category, goods) values ('gifts', 12);
insert into goods_category(category, goods) values ('gifts', 13);
insert into goods_category(category, goods) values ('gifts', 14);
insert into goods_category(category, goods) values ('gifts', 15);
insert into goods_category(category, goods) values ('parties', 16);
insert into goods_category(category, goods) values ('parties', 17);
insert into goods_category(category, goods) values ('parties', 18);
insert into goods_category(category, goods) values ('parties', 19);
insert into goods_category(category, goods) values ('parties', 20);
insert into goods_category(category, goods) values ('parties', 21);